audit_id,queue_type,project,cve,changed_line_bucket,source_pool,gold_vulnerable_side,model_vulnerable_side,pilot_vulnerable_side,final_vulnerable_side,label_status,evidence_span_sufficient,final_evidence_window_ids,reviewer,is_ai_filled,is_human_confirmed,rationale
manual_evidence_audit::211::2::squid__780c4ea1b4c9d2fb41f6962aa6ed73ae57f74b2b__CVE-2021-46784,high_quality_disagreement,squid,CVE-2021-46784,26+,fresh_seeds_top5_v1,A,A,B,B,corrected_side,yes,B3,codex_ai_adjudication_v1,True,False,Side B removes bounded snprintf temporary-buffer handling and reintroduces appendf formatting; selected window directly supports the pilot side.
manual_evidence_audit::401::3::cyrus-imapd__621f9e41465b521399f691c241181300fab55995__CVE-2021-32056,high_quality_disagreement,cyrus-imapd,CVE-2021-32056,11-25,fresh_seeds_top5_v1,A,A,B,unclear,insufficient_context,no,,codex_ai_adjudication_v1,True,False,Selected window mostly shows indentation or movement of metadata reads with direction_unclear and no risk or safety support; wider context is required.
manual_evidence_audit::503::3::gnutls__d223040e498bd50a4b9e0aa493e78587ae1ed653__CVE-2008-1948,high_quality_disagreement,gnutls,CVE-2008-1948,11-25,fresh_seeds_top5_v1,B,A,A,A,corrected_side,yes,A1,codex_ai_adjudication_v1,True,False,Side A removes the short-record ciphertext length check; selected window directly supports the pilot side.
manual_evidence_audit::13::2::squid__5e2ea2b13bd98f53e29964ca26bb0d602a8a12b9__CVE-2021-46784,high_quality_disagreement,squid,CVE-2021-46784,26+,project_holdout_top5_v1,B,A,A,A,corrected_side,yes,A3,codex_ai_adjudication_v1,True,False,Side A removes bounded snprintf temporary-buffer handling and reintroduces appendf formatting; selected window directly supports the pilot side.
manual_evidence_audit::13::4::linux-2.6__8a0a9bd4db63bc45e3017bedeafbd88d0eb84d02__CVE-2009-3238,high_quality_disagreement,linux-2.6,CVE-2009-3238,11-25,project_holdout_top5_v1,A,A,B,B,corrected_side,partial,B1,codex_ai_adjudication_v1,True,False,Side B removes the replacement RNG path and restores custom key-hash random generation; selected window supports the pilot side but wider function context would strengthen confidence.
manual_evidence_audit::42::8::linux__6cd1ed50efd88261298577cd92a14f2768eddeeb__CVE-2020-36558,high_quality_disagreement,linux,CVE-2020-36558,11-25,rank6_10_v1,A,A,B,B,corrected_side,partial,B2;B3,codex_ai_adjudication_v1,True,False,Side B removes resize_user and font resize handling around console resize; selected windows support the pilot side but wider surrounding logic would strengthen confidence.
manual_evidence_audit::601::1::hexchat__4e061a43b3453a9856d34250c3913175c45afe9d__CVE-2016-2087,insufficient_context,hexchat,CVE-2016-2087,26+,fresh_seeds_top5_v1,A,A,unclear,unclear,insufficient_context,no,,codex_ai_adjudication_v1,True,False,Capability handling rewrite has mixed added and removed protection signals on both sides; selected windows do not isolate the vulnerable behavior.
manual_evidence_audit::503::1::linux__ad9f151e560b016b6ad3280b48e42fa11e1a5440__CVE-2021-46283,insufficient_context,linux,CVE-2021-46283,26+,fresh_seeds_top5_v1,B,A,unclear,B,confirmed_gold,partial,B2,codex_ai_adjudication_v1,True,False,Side B removes userdata handling and associated error-path structure visible in B2; evidence supports stored gold but wider function context would strengthen confidence.
manual_evidence_audit::211::1::rpm__bd36c5dc9fb6d90c46fbfed8c2d67516fc571ec8__CVE-2021-3521,insufficient_context,rpm,CVE-2021-3521,26+,fresh_seeds_top5_v1,A,A,unclear,A,confirmed_gold,partial,A1,codex_ai_adjudication_v1,True,False,Side A removes the multi-packet allocation/self-signature parsing structure and replaces it with a narrower packet path; evidence supports stored gold but remains context dependent.
manual_evidence_audit::307::4::GIMP__22e2571c25425f225abdb11a566cc281fca6f366__CVE-2017-17786,insufficient_context,GIMP,CVE-2017-17786,03-05,fresh_seeds_top5_v1,A,A,unclear,unclear,insufficient_context,no,,codex_ai_adjudication_v1,True,False,AlphaBits condition change is direction_unclear with no risk or safety support; helper semantics and image format context are required.
manual_evidence_audit::42::4::furnace__0eb02422d5161767e9983bdaa5c429762d3477ce__CVE-2022-1289,insufficient_context,furnace,CVE-2022-1289,26+,project_holdout_top5_v1,A,A,unclear,A,confirmed_gold,partial,A1;B3,codex_ai_adjudication_v1,True,False,Side A removes or weakens visible range/invalid-value handling around pattern effect rendering; evidence supports stored gold but the large diff needs wider context.
manual_evidence_audit::7::5::linux__04c2a47ffb13c29778e2a14e414ad4cb5a5db4b5__CVE-2022-1055,insufficient_context,linux,CVE-2022-1055,06-10,project_holdout_top5_v1,A,A,unclear,unclear,insufficient_context,partial,A1;A2;B1;B2,codex_ai_adjudication_v1,True,False,Pointer initialization appears reordered rather than clearly removed; selected windows show semantically close protection placement on both sides.
manual_evidence_audit::123::7::linux__d80b64ff297e40c2b6f7d7abc1b3eba70d22a068__CVE-2020-12768,insufficient_context,linux,CVE-2020-12768,11-25,rank6_10_v1,B,A,unclear,A,corrected_side,partial,A1,codex_ai_adjudication_v1,True,False,Side A removes save-area cleanup/error-path protection while B restores cleanup structure; selected evidence favors correcting the stored gold side.
manual_evidence_audit::99::7::src__79a034b4aed29e965f45a13409268290c9910043__CVE-2020-35679,insufficient_context,src,CVE-2020-35679,06-10,rank6_10_v1,A,A,unclear,unclear,insufficient_context,partial,A1;B1,codex_ai_adjudication_v1,True,False,"Regex return/regfree control flow differs, but selected windows do not establish whether the security issue is leak, match behavior, or cleanup ordering."
manual_evidence_audit::7::9::linux__b2f37aead1b82a770c48b5d583f35ec22aabb61e__CVE-2022-1195,insufficient_context,linux,CVE-2022-1195,03-05,rank6_10_v1,A,A,unclear,unclear,insufficient_context,partial,A2;B2,codex_ai_adjudication_v1,True,False,The same tty null assignment appears as an add/remove mirror; selected windows do not show the lifetime or use-after-free context needed for direction.
manual_evidence_audit::42::10::gpac__ebfa346eff05049718f7b80041093b4c5581c24e__CVE-2021-31258,insufficient_context,gpac,CVE-2021-31258,11-25,rank6_10_v1,B,A,unclear,unclear,insufficient_context,partial,A3;B3,codex_ai_adjudication_v1,True,False,Both sides show null-check additions around opposite descriptor-copy directions; API ownership semantics are needed before assigning a vulnerable side.
manual_evidence_audit::7::4::mruby__3cf291f72224715942beaf8553e42ba8891ab3c6__CVE-2022-1212,insufficient_context,mruby,CVE-2022-1212,00-02,top5_v1,B,A,unclear,unclear,insufficient_context,no,,codex_ai_adjudication_v1,True,False,Selected break_new lines are effectively identical and provide no directional security evidence.
manual_evidence_audit::7::5::qemu__1caff0340f49c93d535c6558a5138d20d475315c__CVE-2021-3416,insufficient_context,qemu,CVE-2021-3416,00-02,top5_v1,B,A,unclear,unclear,insufficient_context,no,,codex_ai_adjudication_v1,True,False,Receive callback wrapper change has direction_unclear labels and no visible risk/safety support; wrapper semantics are required.
manual_evidence_audit::211::5::php-src__2bcbc95f033c31b00595ed39f79c3a99b4ed0501__CVE-2020-7060,insufficient_context,php-src,CVE-2020-7060,06-10,fresh_seeds_top5_v1,B,A,unclear,unclear,insufficient_context,no,,codex_ai_adjudication_v1,True,False,CP950 condition is refactored into a helper; selected windows do not show helper semantics or prove the vulnerable side.
manual_evidence_audit::503::5::FreeRDP__ce21b9d7ecd967e0bc98ed31a6b3757848aa6c9e__CVE-2020-11523,insufficient_context,FreeRDP,CVE-2020-11523,06-10,fresh_seeds_top5_v1,A,A,unclear,unclear,insufficient_context,no,,codex_ai_adjudication_v1,True,False,Rectangle helper refactor changes representation but selected windows provide no visible security direction.
